symbol,date,close,high,low,open,volume,adjClose,adjHigh,adjLow,adjOpen,adjVolume,divCash,splitFactor
UBER,2019-05-10 00:00:00+00:00,41.57,45.0,41.06,42.0,186322536,41.57,45.0,41.06,42.0,186322536,0.0,1.0
UBER,2019-05-13 00:00:00+00:00,37.1,39.24,36.08,38.79,79442420,37.1,39.24,36.08,38.79,79442420,0.0,1.0
UBER,2019-05-14 00:00:00+00:00,39.96,39.96,36.85,38.31,46661147,39.96,39.96,36.85,38.31,46661147,0.0,1.0
UBER,2019-05-15 00:00:00+00:00,41.29,41.88,38.95,39.37,36086065,41.29,41.88,38.95,39.37,36086065,0.0,1.0
UBER,2019-05-16 00:00:00+00:00,43.0,44.06,41.25,41.48,38115524,43.0,44.06,41.25,41.48,38115524,0.0,1.0
UBER,2019-05-17 00:00:00+00:00,41.91,43.29,41.27,41.98,20225687,41.91,43.29,41.27,41.98,20225687,0.0,1.0
UBER,2019-05-20 00:00:00+00:00,41.59,41.68,39.46,41.19,29222330,41.59,41.68,39.46,41.19,29222330,0.0,1.0
UBER,2019-05-21 00:00:00+00:00,41.5,42.24,41.25,42.0,10802851,41.5,42.24,41.25,42.0,10802851,0.0,1.0
UBER,2019-05-22 00:00:00+00:00,41.25,41.28,40.5,41.05,9089469,41.25,41.28,40.5,41.05,9089469,0.0,1.0
UBER,2019-05-23 00:00:00+00:00,40.47,41.09,40.02,40.8,11119870,40.47,41.09,40.02,40.8,11119870,0.0,1.0
UBER,2019-05-24 00:00:00+00:00,41.51,41.51,40.5,41.28,8786751,41.51,41.51,40.5,41.28,8786751,0.0,1.0
UBER,2019-05-28 00:00:00+00:00,40.95,41.8,40.6,41.7,13391605,40.95,41.8,40.6,41.7,13391605,0.0,1.0
UBER,2019-05-29 00:00:00+00:00,39.94,40.71,39.1473,40.52,14060447,39.94,40.71,39.1473,40.52,14060447,0.0,1.0
UBER,2019-05-30 00:00:00+00:00,39.8,40.38,39.5,40.07,26451864,39.8,40.38,39.5,40.07,26451864,0.0,1.0
UBER,2019-05-31 00:00:00+00:00,40.41,41.57,39.41,41.15,23209848,40.41,41.57,39.41,41.15,23209848,0.0,1.0
UBER,2019-06-03 00:00:00+00:00,41.25,41.85,40.24,40.7435,16605261,41.25,41.85,40.24,40.7435,16605261,0.0,1.0
UBER,2019-06-04 00:00:00+00:00,42.75,42.88,40.7,42.56,23432141,42.75,42.88,40.7,42.56,23432141,0.0,1.0
UBER,2019-06-05 00:00:00+00:00,45.0,45.66,42.5,42.87,28609604,45.0,45.66,42.5,42.87,28609604,0.0,1.0
UBER,2019-06-06 00:00:00+00:00,44.92,45.75,44.28,45.0,16403691,44.92,45.75,44.28,45.0,16403691,0.0,1.0
UBER,2019-06-07 00:00:00+00:00,44.16,45.67,44.13,44.92,12654670,44.16,45.67,44.13,44.92,12654670,0.0,1.0
UBER,2019-06-10 00:00:00+00:00,42.61,44.59,42.53,44.02,11618701,42.61,44.59,42.53,44.02,11618701,0.0,1.0
UBER,2019-06-11 00:00:00+00:00,42.45,43.65,41.8,43.22,9095044,42.45,43.65,41.8,43.22,9095044,0.0,1.0
UBER,2019-06-12 00:00:00+00:00,42.17,42.65,41.71,42.52,5965250,42.17,42.65,41.71,42.52,5965250,0.0,1.0
UBER,2019-06-13 00:00:00+00:00,44.31,44.35,42.8,43.05,10178935,44.31,44.35,42.8,43.05,10178935,0.0,1.0
UBER,2019-06-14 00:00:00+00:00,43.23,44.8,43.11,44.75,7902223,43.23,44.8,43.11,44.75,7902223,0.0,1.0
UBER,2019-06-17 00:00:00+00:00,43.78,44.079,42.93,43.28,6557589,43.78,44.079,42.93,43.28,6557589,0.0,1.0
UBER,2019-06-18 00:00:00+00:00,43.86,44.89,43.75,44.3,7313602,43.86,44.89,43.75,44.3,7313602,0.0,1.0
UBER,2019-06-19 00:00:00+00:00,44.86,45.5,43.95,44.46,10331520,44.86,45.5,43.95,44.46,10331520,0.0,1.0
UBER,2019-06-20 00:00:00+00:00,43.86,45.29,43.51,45.03,9567367,43.86,45.29,43.51,45.03,9567367,0.0,1.0
UBER,2019-06-21 00:00:00+00:00,44.0,44.14,43.38,43.85,4973987,44.0,44.14,43.38,43.85,4973987,0.0,1.0
UBER,2019-06-24 00:00:00+00:00,43.09,44.07,42.82,44.0,5985052,43.09,44.07,42.82,44.0,5985052,0.0,1.0
UBER,2019-06-25 00:00:00+00:00,43.09,43.79,42.4431,43.28,5755107,43.09,43.79,42.4431,43.28,5755107,0.0,1.0
UBER,2019-06-26 00:00:00+00:00,42.5,43.4,42.36,43.25,8109056,42.5,43.4,42.36,43.25,8109056,0.0,1.0
UBER,2019-06-27 00:00:00+00:00,45.13,45.3,43.2,43.35,20155079,45.13,45.3,43.2,43.35,20155079,0.0,1.0
UBER,2019-06-28 00:00:00+00:00,46.38,47.08,45.08,45.1,28657002,46.38,47.08,45.08,45.1,28657002,0.0,1.0
UBER,2019-07-01 00:00:00+00:00,44.27,47.04,44.06,46.98,17739998,44.27,47.04,44.06,46.98,17739998,0.0,1.0
UBER,2019-07-02 00:00:00+00:00,44.0,44.68,43.75,44.55,11881274,44.0,44.68,43.75,44.55,11881274,0.0,1.0
UBER,2019-07-03 00:00:00+00:00,44.23,44.46,43.79,44.0,3380003,44.23,44.46,43.79,44.0,3380003,0.0,1.0
UBER,2019-07-05 00:00:00+00:00,43.53,44.55,43.01,44.31,8239452,43.53,44.55,43.01,44.31,8239452,0.0,1.0
UBER,2019-07-08 00:00:00+00:00,42.95,43.85,42.75,43.59,9304101,42.95,43.85,42.75,43.59,9304101,0.0,1.0
UBER,2019-07-09 00:00:00+00:00,44.2,44.23,42.98,43.18,5251564,44.2,44.23,42.98,43.18,5251564,0.0,1.0
UBER,2019-07-10 00:00:00+00:00,43.7,44.8,43.56,44.48,9746505,43.7,44.8,43.56,44.48,9746505,0.0,1.0
UBER,2019-07-11 00:00:00+00:00,43.99,44.29,43.31,44.1,8050856,43.99,44.29,43.31,44.1,8050856,0.0,1.0
UBER,2019-07-12 00:00:00+00:00,43.99,44.24,43.39,44.16,8760526,43.99,44.24,43.39,44.16,8760526,0.0,1.0
UBER,2019-07-15 00:00:00+00:00,44.53,44.7,43.97,44.2,5811160,44.53,44.7,43.97,44.2,5811160,0.0,1.0
UBER,2019-07-16 00:00:00+00:00,44.13,44.98,44.02,44.6,5613321,44.13,44.98,44.02,44.6,5613321,0.0,1.0
UBER,2019-07-17 00:00:00+00:00,43.62,44.35,43.52,44.06,5854149,43.62,44.35,43.52,44.06,5854149,0.0,1.0
UBER,2019-07-18 00:00:00+00:00,43.71,43.85,43.19,43.5,4123615,43.71,43.85,43.19,43.5,4123615,0.0,1.0
UBER,2019-07-19 00:00:00+00:00,43.18,44.086,43.16,43.9,4021018,43.18,44.086,43.16,43.9,4021018,0.0,1.0
UBER,2019-07-22 00:00:00+00:00,43.69,43.72,43.01,43.25,3822276,43.69,43.72,43.01,43.25,3822276,0.0,1.0
UBER,2019-07-23 00:00:00+00:00,43.36,44.31,43.11,43.75,5110090,43.36,44.31,43.11,43.75,5110090,0.0,1.0
UBER,2019-07-24 00:00:00+00:00,43.76,43.87,43.36,43.36,3775677,43.76,43.87,43.36,43.36,3775677,0.0,1.0
UBER,2019-07-25 00:00:00+00:00,43.4,43.96,43.21,43.72,4411991,43.4,43.96,43.21,43.72,4411991,0.0,1.0
UBER,2019-07-26 00:00:00+00:00,44.52,44.96,43.39,43.42,7598828,44.52,44.96,43.39,43.42,7598828,0.0,1.0
UBER,2019-07-29 00:00:00+00:00,43.88,45.627,43.12,45.0,8652204,43.88,45.627,43.12,45.0,8652204,0.0,1.0
UBER,2019-07-30 00:00:00+00:00,42.59,43.74,42.49,43.71,7686342,42.59,43.74,42.49,43.71,7686342,0.0,1.0
UBER,2019-07-31 00:00:00+00:00,42.14,42.98,41.84,42.6,5970774,42.14,42.98,41.84,42.6,5970774,0.0,1.0
UBER,2019-08-01 00:00:00+00:00,41.31,42.5355,41.0,42.14,7349740,41.31,42.5355,41.0,42.14,7349740,0.0,1.0
UBER,2019-08-02 00:00:00+00:00,40.4,41.06,39.95,41.03,8225677,40.4,41.06,39.95,41.03,8225677,0.0,1.0
UBER,2019-08-05 00:00:00+00:00,39.05,39.42,38.4325,39.35,9799269,39.05,39.42,38.4325,39.35,9799269,0.0,1.0
UBER,2019-08-06 00:00:00+00:00,39.15,40.808,38.36,39.68,8570273,39.15,40.808,38.36,39.68,8570273,0.0,1.0
UBER,2019-08-07 00:00:00+00:00,39.7,39.99,38.32,39.06,8896039,39.7,39.99,38.32,39.06,8896039,0.0,1.0
UBER,2019-08-08 00:00:00+00:00,42.97,43.0,41.25,41.98,29610463,42.97,43.0,41.25,41.98,29610463,0.0,1.0
UBER,2019-08-09 00:00:00+00:00,40.05,40.68,38.71,39.56,35138775,40.05,40.68,38.71,39.56,35138775,0.0,1.0
UBER,2019-08-12 00:00:00+00:00,37.0,39.95,37.0,39.83,25890804,37.0,39.95,37.0,39.83,25890804,0.0,1.0
UBER,2019-08-13 00:00:00+00:00,36.45,37.46,36.12,37.0,19031422,36.45,37.46,36.12,37.0,19031422,0.0,1.0
UBER,2019-08-14 00:00:00+00:00,33.96,36.2999,33.36,36.0,24481636,33.96,36.2999,33.36,36.0,24481636,0.0,1.0
UBER,2019-08-15 00:00:00+00:00,33.22,34.55,32.92,34.52,13265793,33.22,34.55,32.92,34.52,13265793,0.0,1.0
UBER,2019-08-16 00:00:00+00:00,35.23,35.48,33.4,33.46,13883152,35.23,35.48,33.4,33.46,13883152,0.0,1.0
UBER,2019-08-19 00:00:00+00:00,34.61,35.8,34.37,35.53,10853126,34.61,35.8,34.37,35.53,10853126,0.0,1.0
UBER,2019-08-20 00:00:00+00:00,35.29,36.07,34.39,34.48,10766387,35.29,36.07,34.39,34.48,10766387,0.0,1.0
UBER,2019-08-21 00:00:00+00:00,34.91,35.83,34.75,35.5,7949074,34.91,35.83,34.75,35.5,7949074,0.0,1.0
UBER,2019-08-22 00:00:00+00:00,34.0,34.91,33.52,34.8,8516485,34.0,34.91,33.52,34.8,8516485,0.0,1.0
UBER,2019-08-23 00:00:00+00:00,33.43,34.23,33.12,33.65,8186706,33.43,34.23,33.12,33.65,8186706,0.0,1.0
UBER,2019-08-26 00:00:00+00:00,33.31,33.83,33.06,33.67,5669714,33.31,33.83,33.06,33.67,5669714,0.0,1.0
UBER,2019-08-27 00:00:00+00:00,33.11,34.24,32.98,33.69,6596129,33.11,34.24,32.98,33.69,6596129,0.0,1.0
UBER,2019-08-28 00:00:00+00:00,32.59,33.05,32.26,32.56,6251800,32.59,33.05,32.26,32.56,6251800,0.0,1.0
UBER,2019-08-29 00:00:00+00:00,32.76,33.3,32.6,32.9,5811175,32.76,33.3,32.6,32.9,5811175,0.0,1.0
UBER,2019-08-30 00:00:00+00:00,32.57,33.13,32.04,33.0,6634224,32.57,33.13,32.04,33.0,6634224,0.0,1.0
UBER,2019-09-03 00:00:00+00:00,30.7,32.53,30.665,32.1,12180380,30.7,32.53,30.665,32.1,12180380,0.0,1.0
UBER,2019-09-04 00:00:00+00:00,31.99,32.36,30.85,30.91,10361778,31.99,32.36,30.85,30.91,10361778,0.0,1.0
UBER,2019-09-05 00:00:00+00:00,32.51,33.03,32.25,32.33,7936141,32.51,33.03,32.25,32.33,7936141,0.0,1.0
UBER,2019-09-06 00:00:00+00:00,31.86,32.74,31.41,32.71,7029647,31.86,32.74,31.41,32.71,7029647,0.0,1.0
UBER,2019-09-09 00:00:00+00:00,32.24,32.39,31.46,32.05,7442584,32.24,32.39,31.46,32.05,7442584,0.0,1.0
UBER,2019-09-10 00:00:00+00:00,33.51,33.74,31.65,32.0,10801078,33.51,33.74,31.65,32.0,10801078,0.0,1.0
UBER,2019-09-11 00:00:00+00:00,34.0,35.14,33.02,33.38,14686189,34.0,35.14,33.02,33.38,14686189,0.0,1.0
UBER,2019-09-12 00:00:00+00:00,34.07,34.4862,33.33,34.14,7732741,34.07,34.4862,33.33,34.14,7732741,0.0,1.0
UBER,2019-09-13 00:00:00+00:00,33.25,34.435,32.94,34.25,9424110,33.25,34.435,32.94,34.25,9424110,0.0,1.0
UBER,2019-09-16 00:00:00+00:00,34.43,34.8,33.47,33.6,7957773,34.43,34.8,33.47,33.6,7957773,0.0,1.0
UBER,2019-09-17 00:00:00+00:00,34.29,34.75,33.55,34.75,5587663,34.29,34.75,33.55,34.75,5587663,0.0,1.0
UBER,2019-09-18 00:00:00+00:00,34.26,34.89,33.75,34.35,6624182,34.26,34.89,33.75,34.35,6624182,0.0,1.0
UBER,2019-09-19 00:00:00+00:00,33.82,34.64,33.68,34.2,6883131,33.82,34.64,33.68,34.2,6883131,0.0,1.0
UBER,2019-09-20 00:00:00+00:00,32.6,34.2173,32.5,33.98,12019322,32.6,34.2173,32.5,33.98,12019322,0.0,1.0
UBER,2019-09-23 00:00:00+00:00,33.0,33.01,32.06,32.52,5518477,33.0,33.01,32.06,32.52,5518477,0.0,1.0
UBER,2019-09-24 00:00:00+00:00,31.3,33.1453,31.01,33.0,10619428,31.3,33.1453,31.01,33.0,10619428,0.0,1.0
UBER,2019-09-25 00:00:00+00:00,31.68,31.72,30.76,31.27,7877219,31.68,31.72,30.76,31.27,7877219,0.0,1.0
UBER,2019-09-26 00:00:00+00:00,31.57,32.13,31.13,31.72,6061897,31.57,32.13,31.13,31.72,6061897,0.0,1.0
UBER,2019-09-27 00:00:00+00:00,30.29,31.9,30.13,31.71,11872338,30.29,31.9,30.13,31.71,11872338,0.0,1.0
UBER,2019-09-30 00:00:00+00:00,30.47,30.735,30.17,30.4,5016791,30.47,30.735,30.17,30.4,5016791,0.0,1.0
UBER,2019-10-01 00:00:00+00:00,29.15,30.51,28.65,30.37,13432250,29.15,30.51,28.65,30.37,13432250,0.0,1.0
UBER,2019-10-02 00:00:00+00:00,29.0,29.55,28.31,28.67,9367609,29.0,29.55,28.31,28.67,9367609,0.0,1.0
UBER,2019-10-03 00:00:00+00:00,29.72,29.88,28.52,28.97,9459343,29.72,29.88,28.52,28.97,9459343,0.0,1.0
UBER,2019-10-04 00:00:00+00:00,29.67,30.18,28.9,29.9,8632493,29.67,30.18,28.9,29.9,8632493,0.0,1.0
UBER,2019-10-07 00:00:00+00:00,30.37,30.75,29.83,30.6,10144841,30.37,30.75,29.83,30.6,10144841,0.0,1.0
UBER,2019-10-08 00:00:00+00:00,29.28,30.15,29.17,30.01,7792658,29.28,30.15,29.17,30.01,7792658,0.0,1.0
UBER,2019-10-09 00:00:00+00:00,29.07,29.62,28.81,29.62,7127738,29.07,29.62,28.81,29.62,7127738,0.0,1.0
UBER,2019-10-10 00:00:00+00:00,28.87,29.28,28.58,29.21,7776421,28.87,29.28,28.58,29.21,7776421,0.0,1.0
UBER,2019-10-11 00:00:00+00:00,30.13,30.4,28.94,28.95,10292793,30.13,30.4,28.94,28.95,10292793,0.0,1.0
UBER,2019-10-14 00:00:00+00:00,31.12,31.54,29.8186,30.22,7965440,31.12,31.54,29.8186,30.22,7965440,0.0,1.0
UBER,2019-10-15 00:00:00+00:00,32.0,32.17,31.195,31.2,7903860,32.0,32.17,31.195,31.2,7903860,0.0,1.0
UBER,2019-10-16 00:00:00+00:00,31.87,32.38,31.4376,31.8,7799878,31.87,32.38,31.4376,31.8,7799878,0.0,1.0
UBER,2019-10-17 00:00:00+00:00,32.62,32.93,31.45,31.8,7238010,32.62,32.93,31.45,31.8,7238010,0.0,1.0
UBER,2019-10-18 00:00:00+00:00,32.06,32.66,31.27,32.55,8073092,32.06,32.66,31.27,32.55,8073092,0.0,1.0
UBER,2019-10-21 00:00:00+00:00,31.41,32.2828,31.185,31.95,7226900,31.41,32.2828,31.185,31.95,7226900,0.0,1.0
UBER,2019-10-22 00:00:00+00:00,32.53,33.89,30.22,31.41,19242183,32.53,33.89,30.22,31.41,19242183,0.0,1.0
UBER,2019-10-23 00:00:00+00:00,33.05,33.27,32.17,32.87,6833480,33.05,33.27,32.17,32.87,6833480,0.0,1.0
UBER,2019-10-24 00:00:00+00:00,33.28,33.42,32.51,33.0,6789028,33.28,33.42,32.51,33.0,6789028,0.0,1.0
UBER,2019-10-25 00:00:00+00:00,32.71,33.48,32.61,33.2,8102136,32.71,33.48,32.61,33.2,8102136,0.0,1.0
UBER,2019-10-28 00:00:00+00:00,33.22,33.355,32.5,32.9,7586889,33.22,33.355,32.5,32.9,7586889,0.0,1.0
UBER,2019-10-29 00:00:00+00:00,32.42,32.92,31.8146,32.37,9338079,32.42,32.92,31.8146,32.37,9338079,0.0,1.0
UBER,2019-10-30 00:00:00+00:00,33.75,33.8,32.11,32.51,10837750,33.75,33.8,32.11,32.51,10837750,0.0,1.0
UBER,2019-10-31 00:00:00+00:00,31.5,33.36,31.26,33.23,16124616,31.5,33.36,31.26,33.23,16124616,0.0,1.0
UBER,2019-11-01 00:00:00+00:00,31.37,31.7,30.7412,31.45,10449315,31.37,31.7,30.7412,31.45,10449315,0.0,1.0
UBER,2019-11-04 00:00:00+00:00,31.08,31.75,30.12,31.45,31914952,31.08,31.75,30.12,31.45,31914952,0.0,1.0
UBER,2019-11-05 00:00:00+00:00,28.02,29.3,27.97,29.13,52114741,28.02,29.3,27.97,29.13,52114741,0.0,1.0
UBER,2019-11-06 00:00:00+00:00,26.94,27.55,25.58,26.06,133538940,26.94,27.55,25.58,26.06,133538940,0.0,1.0
UBER,2019-11-07 00:00:00+00:00,27.38,27.42,26.45,26.8,65927562,27.38,27.42,26.45,26.8,65927562,0.0,1.0
UBER,2019-11-08 00:00:00+00:00,27.01,27.62,26.915,27.48,45253607,27.01,27.62,26.915,27.48,45253607,0.0,1.0
UBER,2019-11-11 00:00:00+00:00,27.14,27.21,26.23,27.03,41402436,27.14,27.21,26.23,27.03,41402436,0.0,1.0
UBER,2019-11-12 00:00:00+00:00,26.7,27.66,26.66,27.38,37070405,26.7,27.66,26.66,27.38,37070405,0.0,1.0
UBER,2019-11-13 00:00:00+00:00,26.71,26.82,26.14,26.47,34502521,26.71,26.82,26.14,26.47,34502521,0.0,1.0
UBER,2019-11-14 00:00:00+00:00,25.99,26.86,25.665,26.8,28001419,25.99,26.86,25.665,26.8,28001419,0.0,1.0
UBER,2019-11-15 00:00:00+00:00,26.79,26.8,25.955,26.18,41368595,26.79,26.8,25.955,26.18,41368595,0.0,1.0
UBER,2019-11-18 00:00:00+00:00,26.75,27.0,26.3,26.8,37295414,26.75,27.0,26.3,26.8,37295414,0.0,1.0
UBER,2019-11-19 00:00:00+00:00,27.05,27.22,26.61,26.77,34097549,27.05,27.22,26.61,26.77,34097549,0.0,1.0
UBER,2019-11-20 00:00:00+00:00,28.03,28.4,26.945,27.06,54015857,28.03,28.4,26.945,27.06,54015857,0.0,1.0
UBER,2019-11-21 00:00:00+00:00,29.46,29.6,28.5,28.67,54604950,29.46,29.6,28.5,28.67,54604950,0.0,1.0
UBER,2019-11-22 00:00:00+00:00,29.56,30.13,29.21,29.84,44372625,29.56,30.13,29.21,29.84,44372625,0.0,1.0
UBER,2019-11-25 00:00:00+00:00,29.11,29.6,28.38,28.69,37476153,29.11,29.6,28.38,28.69,37476153,0.0,1.0
UBER,2019-11-26 00:00:00+00:00,29.53,30.15,29.36,29.49,29625401,29.53,30.15,29.36,29.49,29625401,0.0,1.0
UBER,2019-11-27 00:00:00+00:00,29.49,29.59,28.88,29.42,22421386,29.49,29.59,28.88,29.42,22421386,0.0,1.0
UBER,2019-11-29 00:00:00+00:00,29.6,29.85,29.25,29.41,8115145,29.6,29.85,29.25,29.41,8115145,0.0,1.0
UBER,2019-12-02 00:00:00+00:00,28.98,29.525,28.7,29.32,17410719,28.98,29.525,28.7,29.32,17410719,0.0,1.0
UBER,2019-12-03 00:00:00+00:00,29.02,29.33,28.15,28.2,25386704,29.02,29.33,28.15,28.2,25386704,0.0,1.0
UBER,2019-12-04 00:00:00+00:00,29.06,29.2,28.7,29.1,22523220,29.06,29.2,28.7,29.1,22523220,0.0,1.0
UBER,2019-12-05 00:00:00+00:00,28.65,28.99,28.18,28.94,22502931,28.65,28.99,28.18,28.94,22502931,0.0,1.0
UBER,2019-12-06 00:00:00+00:00,27.86,28.925,27.8001,28.4,33130395,27.86,28.925,27.8001,28.4,33130395,0.0,1.0
UBER,2019-12-09 00:00:00+00:00,27.68,28.36,27.68,27.96,20977226,27.68,28.36,27.68,27.96,20977226,0.0,1.0
UBER,2019-12-10 00:00:00+00:00,27.89,27.993,27.605,27.73,23602339,27.89,27.993,27.605,27.73,23602339,0.0,1.0
UBER,2019-12-11 00:00:00+00:00,28.42,28.545,27.8497,27.99,23234481,28.42,28.545,27.8497,27.99,23234481,0.0,1.0
UBER,2019-12-12 00:00:00+00:00,28.69,28.75,28.19,28.29,23569671,28.69,28.75,28.19,28.29,23569671,0.0,1.0
UBER,2019-12-13 00:00:00+00:00,28.49,28.84,28.27,28.58,25431469,28.49,28.84,28.27,28.58,25431469,0.0,1.0
UBER,2019-12-16 00:00:00+00:00,30.05,30.13,29.1,29.11,57368662,30.05,30.13,29.1,29.11,57368662,0.0,1.0
UBER,2019-12-17 00:00:00+00:00,29.75,30.42,29.53,30.37,38247979,29.75,30.42,29.53,30.37,38247979,0.0,1.0
UBER,2019-12-18 00:00:00+00:00,30.13,30.14,29.34,29.62,35374338,30.13,30.14,29.34,29.62,35374338,0.0,1.0
UBER,2019-12-19 00:00:00+00:00,29.99,30.17,29.5301,29.84,33799359,29.99,30.17,29.5301,29.84,33799359,0.0,1.0
UBER,2019-12-20 00:00:00+00:00,30.45,31.03,29.85,30.1,95454828,30.45,31.03,29.85,30.1,95454828,0.0,1.0
UBER,2019-12-23 00:00:00+00:00,30.33,30.94,29.83,30.49,31208559,30.33,30.94,29.83,30.49,31208559,0.0,1.0
UBER,2019-12-24 00:00:00+00:00,30.44,30.84,30.11,30.33,12938593,30.44,30.84,30.11,30.33,12938593,0.0,1.0
UBER,2019-12-26 00:00:00+00:00,30.67,30.79,30.03,30.47,22199840,30.67,30.79,30.03,30.47,22199840,0.0,1.0
UBER,2019-12-27 00:00:00+00:00,30.17,31.06,30.17,30.8,18461904,30.17,31.06,30.17,30.8,18461904,0.0,1.0
UBER,2019-12-30 00:00:00+00:00,29.74,30.2,29.35,30.13,18806151,29.74,30.2,29.35,30.13,18806151,0.0,1.0
UBER,2019-12-31 00:00:00+00:00,29.74,29.95,28.9,29.11,16228113,29.74,29.95,28.9,29.11,16228113,0.0,1.0
UBER,2020-01-02 00:00:00+00:00,30.99,31.0,29.79,29.94,20577141,30.99,31.0,29.79,29.94,20577141,0.0,1.0
UBER,2020-01-03 00:00:00+00:00,31.37,31.43,30.48,30.62,18822047,31.37,31.43,30.48,30.62,18822047,0.0,1.0
UBER,2020-01-06 00:00:00+00:00,31.58,32.06,31.0,31.01,21203179,31.58,32.06,31.0,31.01,21203179,0.0,1.0
UBER,2020-01-07 00:00:00+00:00,32.81,32.84,31.36,31.79,30125807,32.81,32.84,31.36,31.79,30125807,0.0,1.0
UBER,2020-01-08 00:00:00+00:00,33.93,34.52,32.46,32.73,43944447,33.93,34.52,32.46,32.73,43944447,0.0,1.0
UBER,2020-01-09 00:00:00+00:00,33.97,34.47,33.22,34.45,29385462,33.97,34.47,33.22,34.45,29385462,0.0,1.0
UBER,2020-01-10 00:00:00+00:00,34.01,34.99,33.835,34.08,34266147,34.01,34.99,33.835,34.08,34266147,0.0,1.0
UBER,2020-01-13 00:00:00+00:00,34.14,34.34,33.55,34.29,16915147,34.14,34.34,33.55,34.29,16915147,0.0,1.0
UBER,2020-01-14 00:00:00+00:00,34.84,35.02,33.92,34.2,26018863,34.84,35.02,33.92,34.2,26018863,0.0,1.0
UBER,2020-01-15 00:00:00+00:00,35.01,35.1493,34.51,34.9,20746402,35.01,35.1493,34.51,34.9,20746402,0.0,1.0
UBER,2020-01-16 00:00:00+00:00,34.68,35.06,34.18,35.03,21952988,34.68,35.06,34.18,35.03,21952988,0.0,1.0
UBER,2020-01-17 00:00:00+00:00,35.13,35.25,34.65,34.97,16917931,35.13,35.25,34.65,34.97,16917931,0.0,1.0
UBER,2020-01-21 00:00:00+00:00,37.6,37.8,35.41,35.5,48679743,37.6,37.8,35.41,35.5,48679743,0.0,1.0
UBER,2020-01-22 00:00:00+00:00,37.04,37.94,36.92,37.94,29751282,37.04,37.94,36.92,37.94,29751282,0.0,1.0
UBER,2020-01-23 00:00:00+00:00,37.4,37.95,36.725,36.97,21350139,37.4,37.95,36.725,36.97,21350139,0.0,1.0
UBER,2020-01-24 00:00:00+00:00,36.8,37.665,36.25,37.5,21590367,36.8,37.665,36.25,37.5,21590367,0.0,1.0
UBER,2020-01-27 00:00:00+00:00,36.3,36.65,34.19,35.23,18809777,36.3,36.65,34.19,35.23,18809777,0.0,1.0
UBER,2020-01-28 00:00:00+00:00,37.01,37.33,36.04,37.14,28956988,37.01,37.33,36.04,37.14,28956988,0.0,1.0
UBER,2020-01-29 00:00:00+00:00,36.99,37.565,36.8,36.98,16862482,36.99,37.565,36.8,36.98,16862482,0.0,1.0
UBER,2020-01-30 00:00:00+00:00,36.68,37.1319,35.95,36.82,22819624,36.68,37.1319,35.95,36.82,22819624,0.0,1.0
UBER,2020-01-31 00:00:00+00:00,36.29,37.04,35.69,37.0,21542533,36.29,37.04,35.69,37.0,21542533,0.0,1.0
UBER,2020-02-03 00:00:00+00:00,37.59,37.64,36.53,36.75,23508013,37.59,37.64,36.53,36.75,23508013,0.0,1.0
UBER,2020-02-04 00:00:00+00:00,38.53,38.99,37.26,37.87,32395798,38.53,38.99,37.26,37.87,32395798,0.0,1.0
UBER,2020-02-05 00:00:00+00:00,36.81,38.97,36.735,38.89,38376359,36.81,38.97,36.735,38.89,38376359,0.0,1.0
UBER,2020-02-06 00:00:00+00:00,37.09,37.39,36.73,37.3,51692672,37.09,37.39,36.73,37.3,51692672,0.0,1.0
UBER,2020-02-07 00:00:00+00:00,40.63,41.0,38.86,39.98,112227151,40.63,41.0,38.86,39.98,112227151,0.0,1.0
UBER,2020-02-10 00:00:00+00:00,40.01,41.34,39.96,40.65,60598515,40.01,41.34,39.96,40.65,60598515,0.0,1.0
UBER,2020-02-11 00:00:00+00:00,41.27,41.465,40.05,40.25,33815421,41.27,41.465,40.05,40.25,33815421,0.0,1.0
UBER,2020-02-12 00:00:00+00:00,41.25,41.86,41.065,41.5,26356665,41.25,41.86,41.065,41.5,26356665,0.0,1.0
UBER,2020-02-13 00:00:00+00:00,40.09,41.55,40.0,40.93,23825097,40.09,41.55,40.0,40.93,23825097,0.0,1.0
UBER,2020-02-14 00:00:00+00:00,39.66,40.31,38.7,40.02,31982524,39.66,40.31,38.7,40.02,31982524,0.0,1.0
UBER,2020-02-18 00:00:00+00:00,40.18,40.27,39.45,39.49,22149337,40.18,40.27,39.45,39.49,22149337,0.0,1.0
UBER,2020-02-19 00:00:00+00:00,41.05,41.23,40.115,40.42,23262355,41.05,41.23,40.115,40.42,23262355,0.0,1.0
UBER,2020-02-20 00:00:00+00:00,40.92,41.19,39.85,41.0,25424555,40.92,41.19,39.85,41.0,25424555,0.0,1.0
UBER,2020-02-21 00:00:00+00:00,40.72,40.89,40.05,40.89,20595487,40.72,40.89,40.05,40.89,20595487,0.0,1.0
UBER,2020-02-24 00:00:00+00:00,38.31,39.14,37.75,38.21,37065964,38.31,39.14,37.75,38.21,37065964,0.0,1.0
UBER,2020-02-25 00:00:00+00:00,35.89,39.15,35.5,38.9,49225946,35.89,39.15,35.5,38.9,49225946,0.0,1.0
UBER,2020-02-26 00:00:00+00:00,34.45,36.165,33.89,35.53,44051428,34.45,36.165,33.89,35.53,44051428,0.0,1.0
UBER,2020-02-27 00:00:00+00:00,32.45,34.16,30.67,32.03,66508155,32.45,34.16,30.67,32.03,66508155,0.0,1.0
UBER,2020-02-28 00:00:00+00:00,33.87,34.29,31.0,31.81,52040185,33.87,34.29,31.0,31.81,52040185,0.0,1.0
UBER,2020-03-02 00:00:00+00:00,32.85,34.08,31.74,34.05,46608585,32.85,34.08,31.74,34.05,46608585,0.0,1.0
UBER,2020-03-03 00:00:00+00:00,33.04,34.18,31.9,34.02,35155000,33.04,34.18,31.9,34.02,35155000,0.0,1.0
UBER,2020-03-04 00:00:00+00:00,34.53,35.34,32.28,33.93,44710637,34.53,35.34,32.28,33.93,44710637,0.0,1.0
UBER,2020-03-05 00:00:00+00:00,32.21,33.57,31.97,33.47,32731840,32.21,33.57,31.97,33.47,32731840,0.0,1.0
UBER,2020-03-06 00:00:00+00:00,31.68,32.41,30.45,31.23,34789937,31.68,32.41,30.45,31.23,34789937,0.0,1.0
UBER,2020-03-09 00:00:00+00:00,28.17,30.32,28.15,28.5,37236153,28.17,30.32,28.15,28.5,37236153,0.0,1.0
UBER,2020-03-10 00:00:00+00:00,28.97,29.86,27.0,29.47,36270126,28.97,29.86,27.0,29.47,36270126,0.0,1.0
UBER,2020-03-11 00:00:00+00:00,26.24,28.14,25.61,27.91,43058814,26.24,28.14,25.61,27.91,43058814,0.0,1.0
UBER,2020-03-12 00:00:00+00:00,22.61,24.69,22.11,23.26,53895194,22.61,24.69,22.11,23.26,53895194,0.0,1.0
UBER,2020-03-13 00:00:00+00:00,22.6,24.81,21.13,24.01,53690849,22.6,24.81,21.13,24.01,53690849,0.0,1.0
UBER,2020-03-16 00:00:00+00:00,20.29,21.49,19.1,20.15,56866479,20.29,21.49,19.1,20.15,56866479,0.0,1.0
UBER,2020-03-17 00:00:00+00:00,18.91,20.31,18.01,20.18,59930692,18.91,20.31,18.01,20.18,59930692,0.0,1.0
UBER,2020-03-18 00:00:00+00:00,14.82,17.8,13.71,17.76,78112230,14.82,17.8,13.71,17.76,78112230,0.0,1.0
UBER,2020-03-19 00:00:00+00:00,20.49,21.26,15.7,15.96,83667577,20.49,21.26,15.7,15.96,83667577,0.0,1.0
UBER,2020-03-20 00:00:00+00:00,21.33,23.89,20.61,22.53,76438637,21.33,23.89,20.61,22.53,76438637,0.0,1.0
UBER,2020-03-23 00:00:00+00:00,22.4,22.73,19.73,21.07,47716018,22.4,22.73,19.73,21.07,47716018,0.0,1.0
UBER,2020-03-24 00:00:00+00:00,26.39,26.84,23.59,24.41,58375504,26.39,26.84,23.59,24.41,58375504,0.0,1.0
UBER,2020-03-25 00:00:00+00:00,26.19,28.45,25.3104,26.18,52437472,26.19,28.45,25.3104,26.18,52437472,0.0,1.0
UBER,2020-03-26 00:00:00+00:00,28.12,28.44,25.78,26.6,41329026,28.12,28.44,25.78,26.6,41329026,0.0,1.0
UBER,2020-03-27 00:00:00+00:00,27.28,28.03,25.07,25.82,40248566,27.28,28.03,25.07,25.82,40248566,0.0,1.0
UBER,2020-03-30 00:00:00+00:00,27.83,28.39,25.31,26.33,37712465,27.83,28.39,25.31,26.33,37712465,0.0,1.0
UBER,2020-03-31 00:00:00+00:00,27.92,28.25,26.92,27.75,43010169,27.92,28.25,26.92,27.75,43010169,0.0,1.0
UBER,2020-04-01 00:00:00+00:00,25.42,26.767,24.8101,26.5,38443790,25.42,26.767,24.8101,26.5,38443790,0.0,1.0
UBER,2020-04-02 00:00:00+00:00,23.68,25.2,23.0,25.01,35810055,23.68,25.2,23.0,25.01,35810055,0.0,1.0
UBER,2020-04-03 00:00:00+00:00,22.82,23.79,21.67,23.73,40545236,22.82,23.79,21.67,23.73,40545236,0.0,1.0
UBER,2020-04-06 00:00:00+00:00,25.99,26.09,23.93,24.13,34662085,25.99,26.09,23.93,24.13,34662085,0.0,1.0
UBER,2020-04-07 00:00:00+00:00,25.74,28.11,25.5,27.95,36396389,25.74,28.11,25.5,27.95,36396389,0.0,1.0
UBER,2020-04-08 00:00:00+00:00,26.94,27.8781,25.79,26.0,36136372,26.94,27.8781,25.79,26.0,36136372,0.0,1.0
UBER,2020-04-09 00:00:00+00:00,27.11,28.89,26.46,27.88,36154240,27.11,28.89,26.46,27.88,36154240,0.0,1.0
UBER,2020-04-13 00:00:00+00:00,27.99,28.08,26.47,27.04,24653803,27.99,28.08,26.47,27.04,24653803,0.0,1.0
UBER,2020-04-14 00:00:00+00:00,27.75,28.77,27.013,28.0,32605391,27.75,28.77,27.013,28.0,32605391,0.0,1.0
UBER,2020-04-15 00:00:00+00:00,27.41,27.79,26.44,26.82,18689359,27.41,27.79,26.44,26.82,18689359,0.0,1.0
UBER,2020-04-16 00:00:00+00:00,27.03,28.05,26.46,27.21,23550290,27.03,28.05,26.46,27.21,23550290,0.0,1.0
UBER,2020-04-17 00:00:00+00:00,28.0,28.79,27.26,28.69,34116449,28.0,28.79,27.26,28.69,34116449,0.0,1.0
UBER,2020-04-20 00:00:00+00:00,28.19,28.76,26.9,27.07,32191321,28.19,28.76,26.9,27.07,32191321,0.0,1.0
UBER,2020-04-21 00:00:00+00:00,27.19,28.15,26.6,27.5,20955917,27.19,28.15,26.6,27.5,20955917,0.0,1.0
UBER,2020-04-22 00:00:00+00:00,28.24,28.56,27.51,27.97,21198728,28.24,28.56,27.51,27.97,21198728,0.0,1.0
UBER,2020-04-23 00:00:00+00:00,28.33,29.25,28.2414,28.75,26972536,28.33,29.25,28.2414,28.75,26972536,0.0,1.0
UBER,2020-04-24 00:00:00+00:00,29.49,29.59,28.14,28.51,20634779,29.49,29.59,28.14,28.51,20634779,0.0,1.0
UBER,2020-04-27 00:00:00+00:00,30.08,30.49,29.4112,29.74,31688505,30.08,30.49,29.4112,29.74,31688505,0.0,1.0
UBER,2020-04-28 00:00:00+00:00,30.12,31.83,29.36,31.0,27368674,30.12,31.83,29.36,31.0,27368674,0.0,1.0
UBER,2020-04-29 00:00:00+00:00,31.37,32.0,30.33,31.0,28267855,31.37,32.0,30.33,31.0,28267855,0.0,1.0
UBER,2020-04-30 00:00:00+00:00,30.27,31.05,29.75,30.5,20052152,30.27,31.05,29.75,30.5,20052152,0.0,1.0
UBER,2020-05-01 00:00:00+00:00,28.39,29.72,28.325,29.13,19277221,28.39,29.72,28.325,29.13,19277221,0.0,1.0
UBER,2020-05-04 00:00:00+00:00,27.42,28.07,26.58,27.56,23392179,27.42,28.07,26.58,27.56,23392179,0.0,1.0
UBER,2020-05-05 00:00:00+00:00,28.07,28.9088,27.44,28.25,30709331,28.07,28.9088,27.44,28.25,30709331,0.0,1.0
UBER,2020-05-06 00:00:00+00:00,27.82,28.06,26.81,27.5,30817967,27.82,28.06,26.81,27.5,30817967,0.0,1.0
UBER,2020-05-07 00:00:00+00:00,30.93,31.65,29.58,29.6,61373135,30.93,31.65,29.58,29.6,61373135,0.0,1.0
UBER,2020-05-08 00:00:00+00:00,32.79,33.3,31.64,32.59,69503890,32.79,33.3,31.64,32.59,69503890,0.0,1.0
UBER,2020-05-11 00:00:00+00:00,31.64,32.385,31.41,31.98,26397689,31.64,32.385,31.41,31.98,26397689,0.0,1.0
UBER,2020-05-12 00:00:00+00:00,32.4,34.45,30.41,31.42,89478295,32.4,34.45,30.41,31.42,89478295,0.0,1.0
UBER,2020-05-13 00:00:00+00:00,33.02,33.06,30.83,32.3,47238772,33.02,33.06,30.83,32.3,47238772,0.0,1.0
UBER,2020-05-14 00:00:00+00:00,32.79,33.0399,31.24,32.54,32893997,32.79,33.0399,31.24,32.54,32893997,0.0,1.0
UBER,2020-05-15 00:00:00+00:00,32.47,32.89,31.59,32.26,25940271,32.47,32.89,31.59,32.26,25940271,0.0,1.0
UBER,2020-05-18 00:00:00+00:00,33.62,36.0,32.99,33.7,47534517,33.62,36.0,32.99,33.7,47534517,0.0,1.0
UBER,2020-05-19 00:00:00+00:00,33.4,34.0,32.86,33.68,20207419,33.4,34.0,32.86,33.68,20207419,0.0,1.0
UBER,2020-05-20 00:00:00+00:00,34.48,34.77,33.82,34.12,21367162,34.48,34.77,33.82,34.12,21367162,0.0,1.0
UBER,2020-05-21 00:00:00+00:00,34.26,35.01,33.47,34.45,24061237,34.26,35.01,33.47,34.45,24061237,0.0,1.0
UBER,2020-05-22 00:00:00+00:00,34.83,34.93,33.57,34.15,18649925,34.83,34.93,33.57,34.15,18649925,0.0,1.0
UBER,2020-05-26 00:00:00+00:00,34.56,36.0,34.5,35.97,23470336,34.56,36.0,34.5,35.97,23470336,0.0,1.0
UBER,2020-05-27 00:00:00+00:00,34.88,35.0,33.1,34.42,27498754,34.88,35.0,33.1,34.42,27498754,0.0,1.0
UBER,2020-05-28 00:00:00+00:00,34.15,35.1,33.82,34.9,21951794,34.15,35.1,33.82,34.9,21951794,0.0,1.0
UBER,2020-05-29 00:00:00+00:00,36.32,36.45,34.0,34.18,72392655,36.32,36.45,34.0,34.18,72392655,0.0,1.0
UBER,2020-06-01 00:00:00+00:00,35.82,36.39,35.16,35.64,21864639,35.82,36.39,35.16,35.64,21864639,0.0,1.0
UBER,2020-06-02 00:00:00+00:00,35.81,36.42,35.26,36.16,19298977,35.81,36.42,35.26,36.16,19298977,0.0,1.0
UBER,2020-06-03 00:00:00+00:00,36.75,37.3678,36.14,36.2,23036246,36.75,37.3678,36.14,36.2,23036246,0.0,1.0
UBER,2020-06-04 00:00:00+00:00,36.43,37.3,36.28,36.42,17414762,36.43,37.3,36.28,36.42,17414762,0.0,1.0
UBER,2020-06-05 00:00:00+00:00,37.21,38.7825,36.92,37.53,30381586,37.21,38.7825,36.92,37.53,30381586,0.0,1.0
UBER,2020-06-08 00:00:00+00:00,37.08,37.9,36.09,37.87,30084684,37.08,37.9,36.09,37.87,30084684,0.0,1.0
UBER,2020-06-09 00:00:00+00:00,36.59,37.33,36.25,36.7,15102018,36.59,37.33,36.25,36.7,15102018,0.0,1.0
UBER,2020-06-10 00:00:00+00:00,34.83,36.8,34.265,36.69,43386033,34.83,36.8,34.265,36.69,43386033,0.0,1.0
UBER,2020-06-11 00:00:00+00:00,31.1,33.245,30.8904,32.63,45247910,31.1,33.245,30.8904,32.63,45247910,0.0,1.0
UBER,2020-06-12 00:00:00+00:00,32.24,32.74,31.04,32.73,27674516,32.24,32.74,31.04,32.73,27674516,0.0,1.0
UBER,2020-06-15 00:00:00+00:00,32.67,32.68,31.0201,31.16,21272930,32.67,32.68,31.0201,31.16,21272930,0.0,1.0
UBER,2020-06-16 00:00:00+00:00,33.49,34.17,32.43,34.0,21348885,33.49,34.17,32.43,34.0,21348885,0.0,1.0
UBER,2020-06-17 00:00:00+00:00,33.29,33.595,33.011,33.5,14818896,33.29,33.595,33.011,33.5,14818896,0.0,1.0
UBER,2020-06-18 00:00:00+00:00,33.4,33.44,32.8,33.0,15482728,33.4,33.44,32.8,33.0,15482728,0.0,1.0
UBER,2020-06-19 00:00:00+00:00,32.3,34.02,32.27,33.98,29403288,32.3,34.02,32.27,33.98,29403288,0.0,1.0
UBER,2020-06-22 00:00:00+00:00,32.68,32.85,31.43,32.43,17773684,32.68,32.85,31.43,32.43,17773684,0.0,1.0
UBER,2020-06-23 00:00:00+00:00,33.05,33.21,32.5901,32.88,13607285,33.05,33.21,32.5901,32.88,13607285,0.0,1.0
UBER,2020-06-24 00:00:00+00:00,30.46,32.93,30.455,32.75,29435112,30.46,32.93,30.455,32.75,29435112,0.0,1.0
UBER,2020-06-25 00:00:00+00:00,30.58,30.855,29.56,30.0,19126012,30.58,30.855,29.56,30.0,19126012,0.0,1.0
UBER,2020-06-26 00:00:00+00:00,29.61,30.44,29.2099,30.44,46468389,29.61,30.44,29.2099,30.44,46468389,0.0,1.0
UBER,2020-06-29 00:00:00+00:00,29.63,29.75,28.39,29.51,20777200,29.63,29.75,28.39,29.51,20777200,0.0,1.0
UBER,2020-06-30 00:00:00+00:00,31.08,31.25,30.13,30.83,21274600,31.08,31.25,30.13,30.83,21274600,0.0,1.0
UBER,2020-07-01 00:00:00+00:00,30.43,31.26,30.16,30.96,13604900,30.43,31.265,30.162,30.96,13604900,0.0,1.0
UBER,2020-07-02 00:00:00+00:00,30.68,31.57,30.51,31.02,14968300,30.68,31.57,30.51,31.02,14968300,0.0,1.0
UBER,2020-07-06 00:00:00+00:00,32.52,33.2,31.76,33.1,42347400,32.52,33.2,31.76,33.1,42347400,0.0,1.0
UBER,2020-07-07 00:00:00+00:00,32.82,33.56,32.39,32.46,34835100,32.82,33.56,32.39,32.46,34835100,0.0,1.0
UBER,2020-07-08 00:00:00+00:00,33.93,33.97,32.68,33.21,24582700,33.93,33.97,32.68,33.21,24582700,0.0,1.0
UBER,2020-07-09 00:00:00+00:00,33.15,34.46,32.26,34.24,25051600,33.15,34.46,32.26,34.24,25051600,0.0,1.0
UBER,2020-07-10 00:00:00+00:00,33.14,33.55,32.65,33.14,13623700,33.14,33.55,32.65,33.14,13623700,0.0,1.0
UBER,2020-07-13 00:00:00+00:00,31.72,33.6,31.66,33.21,19582000,31.72,33.6,31.66,33.21,19582000,0.0,1.0
UBER,2020-07-14 00:00:00+00:00,30.93,31.38,30.48,31.35,21714900,30.93,31.38,30.48,31.35,21714900,0.0,1.0
UBER,2020-07-15 00:00:00+00:00,32.81,32.97,31.68,32.1,20971000,32.81,32.97,31.68,32.1,20971000,0.0,1.0
UBER,2020-07-16 00:00:00+00:00,32.35,32.59,31.55,32.05,11086300,32.35,32.59,31.55,32.05,11086300,0.0,1.0
UBER,2020-07-17 00:00:00+00:00,32.55,32.82,31.85,32.58,13658700,32.55,32.816,31.85,32.58,13658700,0.0,1.0
UBER,2020-07-20 00:00:00+00:00,33.66,33.925,32.35,32.48,16189121,33.66,33.925,32.35,32.48,16189121,0.0,1.0
UBER,2020-07-21 00:00:00+00:00,32.55,34.23,32.53,34.16,16892248,32.55,34.23,32.53,34.16,16892248,0.0,1.0
UBER,2020-07-22 00:00:00+00:00,32.66,32.88,32.33,32.44,12128382,32.66,32.88,32.33,32.44,12128382,0.0,1.0
UBER,2020-07-23 00:00:00+00:00,32.17,33.02,31.983,32.33,12749770,32.17,33.02,31.983,32.33,12749770,0.0,1.0
UBER,2020-07-24 00:00:00+00:00,31.18,31.8,30.47,31.74,16896059,31.18,31.8,30.47,31.74,16896059,0.0,1.0
UBER,2020-07-27 00:00:00+00:00,30.99,31.6,30.75,31.21,10182302,30.99,31.6,30.75,31.21,10182302,0.0,1.0
UBER,2020-07-28 00:00:00+00:00,30.81,31.24,30.35,30.79,12977145,30.81,31.24,30.35,30.79,12977145,0.0,1.0
UBER,2020-07-29 00:00:00+00:00,31.02,31.26,30.77,30.92,8215892,31.02,31.26,30.77,30.92,8215892,0.0,1.0
UBER,2020-07-30 00:00:00+00:00,30.24,30.68,29.97,30.65,13062912,30.24,30.68,29.97,30.65,13062912,0.0,1.0
UBER,2020-07-31 00:00:00+00:00,30.26,30.42,29.785,30.4,16360999,30.26,30.42,29.785,30.4,16360999,0.0,1.0
UBER,2020-08-03 00:00:00+00:00,31.19,31.295,30.06,30.24,17084299,31.19,31.295,30.06,30.24,17084299,0.0,1.0
UBER,2020-08-04 00:00:00+00:00,32.68,32.845,31.17,31.17,21958142,32.68,32.845,31.17,31.17,21958142,0.0,1.0
UBER,2020-08-05 00:00:00+00:00,33.2,33.32,32.5,33.1,17279011,33.2,33.32,32.5,33.1,17279011,0.0,1.0
UBER,2020-08-06 00:00:00+00:00,34.71,34.795,33.21,33.27,38601493,34.71,34.795,33.21,33.27,38601493,0.0,1.0
UBER,2020-08-07 00:00:00+00:00,32.9,33.7,32.45,33.09,39071193,32.9,33.7,32.45,33.09,39071193,0.0,1.0
UBER,2020-08-10 00:00:00+00:00,32.27,33.18,31.51,33.04,21347585,32.27,33.18,31.51,33.04,21347585,0.0,1.0
UBER,2020-08-11 00:00:00+00:00,31.21,32.21,30.65,31.66,31569923,31.21,32.21,30.65,31.66,31569923,0.0,1.0
UBER,2020-08-12 00:00:00+00:00,30.84,32.22,30.69,31.46,23415151,30.84,32.22,30.69,31.46,23415151,0.0,1.0
UBER,2020-08-13 00:00:00+00:00,30.46,31.33,30.32,30.52,21976775,30.46,31.33,30.32,30.52,21976775,0.0,1.0
UBER,2020-08-14 00:00:00+00:00,29.99,30.49,29.815,30.4,17631632,29.99,30.49,29.815,30.4,17631632,0.0,1.0
UBER,2020-08-17 00:00:00+00:00,29.48,30.12,29.14,30.05,18433160,29.48,30.12,29.14,30.05,18433160,0.0,1.0
UBER,2020-08-18 00:00:00+00:00,30.08,30.46,29.41,29.5,29398212,30.08,30.46,29.41,29.5,29398212,0.0,1.0
UBER,2020-08-19 00:00:00+00:00,29.42,30.349,29.39,30.15,14050333,29.42,30.349,29.39,30.15,14050333,0.0,1.0
UBER,2020-08-20 00:00:00+00:00,31.41,31.7,28.48,29.13,56663347,31.41,31.7,28.48,29.13,56663347,0.0,1.0
UBER,2020-08-21 00:00:00+00:00,30.83,31.82,30.7144,31.39,20216997,30.83,31.82,30.7144,31.39,20216997,0.0,1.0
UBER,2020-08-24 00:00:00+00:00,31.04,31.3,30.37,30.97,17406239,31.04,31.3,30.37,30.97,17406239,0.0,1.0
UBER,2020-08-25 00:00:00+00:00,31.19,31.19,30.6,31.04,10056762,31.19,31.19,30.6,31.04,10056762,0.0,1.0
UBER,2020-08-26 00:00:00+00:00,32.3,32.71,30.95,31.01,20599776,32.3,32.71,30.95,31.01,20599776,0.0,1.0
UBER,2020-08-27 00:00:00+00:00,32.8,33.07,32.27,32.4,21306491,32.8,33.07,32.27,32.4,21306491,0.0,1.0
UBER,2020-08-28 00:00:00+00:00,33.8,33.94,32.82,33.0,17833021,33.8,33.94,32.82,33.0,17833021,0.0,1.0
UBER,2020-08-31 00:00:00+00:00,33.63,33.92,33.1401,33.62,14980621,33.63,33.92,33.1401,33.62,14980621,0.0,1.0
UBER,2020-09-01 00:00:00+00:00,34.3,34.51,33.145,33.45,16026170,34.3,34.51,33.145,33.45,16026170,0.0,1.0
UBER,2020-09-02 00:00:00+00:00,34.37,34.505,33.29,34.21,16552685,34.37,34.505,33.29,34.21,16552685,0.0,1.0
UBER,2020-09-03 00:00:00+00:00,33.41,34.74,32.95,34.08,17288823,33.41,34.74,32.95,34.08,17288823,0.0,1.0
UBER,2020-09-04 00:00:00+00:00,33.24,33.65,31.55,33.33,17480617,33.24,33.65,31.55,33.33,17480617,0.0,1.0
UBER,2020-09-08 00:00:00+00:00,34.32,35.1,32.16,32.36,33683493,34.32,35.1,32.16,32.36,33683493,0.0,1.0
UBER,2020-09-09 00:00:00+00:00,35.01,35.5,34.11,34.11,22803536,35.01,35.5,34.11,34.11,22803536,0.0,1.0
UBER,2020-09-10 00:00:00+00:00,35.98,36.78,35.19,35.2,35468315,35.98,36.78,35.19,35.2,35468315,0.0,1.0
UBER,2020-09-11 00:00:00+00:00,36.98,37.145,36.254,36.3,27130921,36.98,37.145,36.254,36.3,27130921,0.0,1.0
UBER,2020-09-14 00:00:00+00:00,37.95,38.0,37.08,37.1,28016041,37.95,38.0,37.08,37.1,28016041,0.0,1.0
UBER,2020-09-15 00:00:00+00:00,37.47,38.48,37.27,37.95,23532584,37.47,38.48,37.27,37.95,23532584,0.0,1.0
UBER,2020-09-16 00:00:00+00:00,37.66,38.52,37.39,37.39,21786591,37.66,38.52,37.39,37.39,21786591,0.0,1.0
UBER,2020-09-17 00:00:00+00:00,37.06,37.445,36.14,36.68,23534828,37.06,37.445,36.14,36.68,23534828,0.0,1.0
UBER,2020-09-18 00:00:00+00:00,37.12,37.565,36.39,37.15,68428610,37.12,37.565,36.39,37.15,68428610,0.0,1.0
UBER,2020-09-21 00:00:00+00:00,36.49,36.58,35.12,35.86,19100814,36.49,36.58,35.12,35.86,19100814,0.0,1.0
UBER,2020-09-22 00:00:00+00:00,34.4,36.55,34.1,36.53,28242763,34.4,36.55,34.1,36.53,28242763,0.0,1.0
UBER,2020-09-23 00:00:00+00:00,33.55,34.805,33.4,34.45,15796892,33.55,34.805,33.4,34.45,15796892,0.0,1.0
UBER,2020-09-24 00:00:00+00:00,33.35,34.0,32.89,33.66,16404055,33.35,34.0,32.89,33.66,16404055,0.0,1.0
UBER,2020-09-25 00:00:00+00:00,34.46,34.5,33.2,33.2,10736298,34.46,34.5,33.2,33.2,10736298,0.0,1.0
UBER,2020-09-28 00:00:00+00:00,35.56,36.625,35.26,35.8,22878432,35.56,36.625,35.26,35.8,22878432,0.0,1.0
UBER,2020-09-29 00:00:00+00:00,35.43,35.65,34.595,35.56,16503443,35.43,35.65,34.595,35.56,16503443,0.0,1.0
UBER,2020-09-30 00:00:00+00:00,36.48,36.5,35.28,35.28,21386305,36.48,36.5,35.28,35.28,21386305,0.0,1.0
UBER,2020-10-01 00:00:00+00:00,37.14,37.8282,36.58,36.86,19187502,37.14,37.8282,36.58,36.86,19187502,0.0,1.0
UBER,2020-10-02 00:00:00+00:00,37.72,37.99,35.94,36.0,20123445,37.72,37.99,35.94,36.0,20123445,0.0,1.0
UBER,2020-10-05 00:00:00+00:00,37.14,38.0,36.88,37.7,13093069,37.14,38.0,36.88,37.7,13093069,0.0,1.0
UBER,2020-10-06 00:00:00+00:00,36.26,37.37,36.04,37.17,13074679,36.26,37.37,36.04,37.17,13074679,0.0,1.0
UBER,2020-10-07 00:00:00+00:00,36.78,37.11,36.365,36.59,13782136,36.78,37.11,36.365,36.59,13782136,0.0,1.0
UBER,2020-10-08 00:00:00+00:00,37.34,37.83,36.96,37.0,12212370,37.34,37.83,36.96,37.0,12212370,0.0,1.0
UBER,2020-10-09 00:00:00+00:00,37.27,38.35,37.19,37.91,13172028,37.27,38.35,37.19,37.91,13172028,0.0,1.0
UBER,2020-10-12 00:00:00+00:00,36.26,37.56,36.175,37.56,16569415,36.26,37.56,36.175,37.56,16569415,0.0,1.0
UBER,2020-10-13 00:00:00+00:00,35.56,36.23,35.02,36.22,15463089,35.56,36.23,35.02,36.22,15463089,0.0,1.0
UBER,2020-10-14 00:00:00+00:00,35.11,36.09,35.075,35.69,15402925,35.11,36.09,35.075,35.69,15402925,0.0,1.0
UBER,2020-10-15 00:00:00+00:00,34.26,34.81,34.02,34.68,15449850,34.26,34.81,34.02,34.68,15449850,0.0,1.0
UBER,2020-10-16 00:00:00+00:00,33.72,34.8,33.61,34.78,14904333,33.72,34.8,33.61,34.78,14904333,0.0,1.0
UBER,2020-10-19 00:00:00+00:00,34.22,34.59,34.0,34.16,19278584,34.22,34.59,34.0,34.16,19278584,0.0,1.0
UBER,2020-10-20 00:00:00+00:00,36.31,36.76,34.53,34.53,29820702,36.31,36.76,34.53,34.53,29820702,0.0,1.0
UBER,2020-10-21 00:00:00+00:00,35.2,36.25,34.8751,36.25,19058727,35.2,36.25,34.8751,36.25,19058727,0.0,1.0
UBER,2020-10-22 00:00:00+00:00,36.7,36.89,34.9146,35.42,14243611,36.7,36.89,34.9146,35.42,14243611,0.0,1.0
UBER,2020-10-23 00:00:00+00:00,36.75,36.99,35.9238,36.5,15960599,36.75,36.99,35.9238,36.5,15960599,0.0,1.0
UBER,2020-10-26 00:00:00+00:00,35.49,36.74,35.12,36.5,12511721,35.49,36.74,35.12,36.5,12511721,0.0,1.0
UBER,2020-10-27 00:00:00+00:00,34.16,35.7,34.02,35.51,13692117,34.16,35.7,34.02,35.51,13692117,0.0,1.0
UBER,2020-10-28 00:00:00+00:00,33.65,33.66,32.9,33.62,15787858,33.65,33.66,32.9,33.62,15787858,0.0,1.0
UBER,2020-10-29 00:00:00+00:00,34.06,34.935,33.33,33.71,13735346,34.06,34.935,33.33,33.71,13735346,0.0,1.0
UBER,2020-10-30 00:00:00+00:00,33.41,34.3903,33.155,33.91,13508512,33.41,34.3903,33.155,33.91,13508512,0.0,1.0
UBER,2020-11-02 00:00:00+00:00,34.81,35.05,34.06,34.15,18350453,34.81,35.05,34.06,34.15,18350453,0.0,1.0
UBER,2020-11-03 00:00:00+00:00,35.77,36.15,35.15,35.27,16208783,35.77,36.15,35.15,35.27,16208783,0.0,1.0
UBER,2020-11-04 00:00:00+00:00,40.99,42.15,39.0,40.66,101818168,40.99,42.15,39.0,40.66,101818168,0.0,1.0
UBER,2020-11-05 00:00:00+00:00,41.96,42.05,40.01,40.33,34177623,41.96,42.05,40.01,40.33,34177623,0.0,1.0
UBER,2020-11-06 00:00:00+00:00,44.87,45.38,41.62,42.09,57670672,44.87,45.38,41.62,42.09,57670672,0.0,1.0
UBER,2020-11-09 00:00:00+00:00,48.18,49.62,47.3,48.01,61632340,48.18,49.62,47.3,48.01,61632340,0.0,1.0
UBER,2020-11-10 00:00:00+00:00,47.0,49.36,46.045,46.74,33079784,47.0,49.36,46.045,46.74,33079784,0.0,1.0
UBER,2020-11-11 00:00:00+00:00,46.23,47.52,45.91,46.72,19213685,46.23,47.52,45.91,46.72,19213685,0.0,1.0
UBER,2020-11-12 00:00:00+00:00,46.4,47.47,45.05,45.39,16255467,46.4,47.47,45.05,45.39,16255467,0.0,1.0
UBER,2020-11-13 00:00:00+00:00,47.61,47.79,45.93,47.11,15569906,47.61,47.79,45.93,47.11,15569906,0.0,1.0
UBER,2020-11-16 00:00:00+00:00,49.21,50.09,48.48,48.74,29301713,49.21,50.09,48.48,48.74,29301713,0.0,1.0
UBER,2020-11-17 00:00:00+00:00,48.89,49.62,48.5,48.72,16638334,48.89,49.62,48.5,48.72,16638334,0.0,1.0
UBER,2020-11-18 00:00:00+00:00,49.11,49.95,48.33,48.77,17783508,49.11,49.95,48.33,48.77,17783508,0.0,1.0
UBER,2020-11-19 00:00:00+00:00,49.26,49.91,48.65,49.1,13480257,49.26,49.91,48.65,49.1,13480257,0.0,1.0
UBER,2020-11-20 00:00:00+00:00,48.43,50.75,48.27,49.98,17330366,48.43,50.75,48.27,49.98,17330366,0.0,1.0
UBER,2020-11-23 00:00:00+00:00,50.04,50.88,48.51,48.66,17147060,50.04,50.88,48.51,48.66,17147060,0.0,1.0
UBER,2020-11-24 00:00:00+00:00,51.26,52.15,50.4838,50.62,16123767,51.26,52.15,50.4838,50.62,16123767,0.0,1.0
UBER,2020-11-25 00:00:00+00:00,50.8,51.45,49.92,51.27,11641561,50.8,51.45,49.92,51.27,11641561,0.0,1.0
UBER,2020-11-27 00:00:00+00:00,50.72,51.19,50.2,50.93,8339157,50.72,51.19,50.2,50.93,8339157,0.0,1.0
UBER,2020-11-30 00:00:00+00:00,49.66,51.005,48.53,50.22,17221543,49.66,51.005,48.53,50.22,17221543,0.0,1.0
UBER,2020-12-01 00:00:00+00:00,49.63,51.41,49.07,50.0,19764751,49.63,51.41,49.07,50.0,19764751,0.0,1.0
UBER,2020-12-02 00:00:00+00:00,53.09,53.45,48.53,49.26,30381462,53.09,53.45,48.53,49.26,30381462,0.0,1.0
UBER,2020-12-03 00:00:00+00:00,52.52,53.49,52.12,53.3,13122394,52.52,53.49,52.12,53.3,13122394,0.0,1.0
UBER,2020-12-04 00:00:00+00:00,54.86,54.86,52.71,52.71,22207887,54.86,54.86,52.71,52.71,22207887,0.0,1.0
UBER,2020-12-07 00:00:00+00:00,53.8,54.87,53.65,54.59,13764431,53.8,54.87,53.65,54.59,13764431,0.0,1.0
UBER,2020-12-08 00:00:00+00:00,53.01,54.22,52.35,52.4,26167347,53.01,54.22,52.35,52.4,26167347,0.0,1.0
UBER,2020-12-09 00:00:00+00:00,53.79,56.02,53.06,53.98,46777880,53.79,56.02,53.06,53.98,46777880,0.0,1.0
UBER,2020-12-10 00:00:00+00:00,54.35,54.62,51.3,52.33,20207664,54.35,54.62,51.3,52.33,20207664,0.0,1.0
UBER,2020-12-11 00:00:00+00:00,52.63,55.025,52.33,54.47,16817870,52.63,55.025,52.33,54.47,16817870,0.0,1.0
UBER,2020-12-14 00:00:00+00:00,51.46,53.44,51.24,53.27,19048536,51.46,53.44,51.24,53.27,19048536,0.0,1.0
UBER,2020-12-15 00:00:00+00:00,51.0,52.825,50.87,52.12,17504739,51.0,52.825,50.87,52.12,17504739,0.0,1.0
UBER,2020-12-16 00:00:00+00:00,50.49,51.68,50.29,51.18,19577759,50.49,51.68,50.29,51.18,19577759,0.0,1.0
UBER,2020-12-17 00:00:00+00:00,50.63,51.3,50.17,50.59,19688316,50.63,51.3,50.17,50.59,19688316,0.0,1.0
UBER,2020-12-18 00:00:00+00:00,50.62,50.95,49.52,50.81,24355167,50.62,50.95,49.52,50.81,24355167,0.0,1.0
UBER,2020-12-21 00:00:00+00:00,51.8,52.35,48.79,49.0,23562858,51.8,52.35,48.79,49.0,23562858,0.0,1.0
UBER,2020-12-22 00:00:00+00:00,53.78,54.36,51.92,52.11,23885275,53.78,54.36,51.92,52.11,23885275,0.0,1.0
UBER,2020-12-23 00:00:00+00:00,53.71,54.09,52.99,53.8,12671105,53.71,54.09,52.99,53.8,12671105,0.0,1.0
UBER,2020-12-24 00:00:00+00:00,52.88,53.625,52.29,53.6,6316761,52.88,53.625,52.29,53.6,6316761,0.0,1.0
UBER,2020-12-28 00:00:00+00:00,51.97,53.13,51.56,53.02,11987681,51.97,53.13,51.56,53.02,11987681,0.0,1.0
UBER,2020-12-29 00:00:00+00:00,52.27,52.99,51.47,52.33,10140561,52.27,52.99,51.47,52.33,10140561,0.0,1.0
UBER,2020-12-30 00:00:00+00:00,53.15,53.85,52.22,52.72,9518600,53.15,53.85,52.22,52.72,9518600,0.0,1.0
UBER,2020-12-31 00:00:00+00:00,51.0,53.28,51.0,53.28,13282786,51.0,53.28,51.0,53.28,13282786,0.0,1.0
UBER,2021-01-04 00:00:00+00:00,51.14,52.32,49.635,52.22,17291804,51.14,52.32,49.635,52.22,17291804,0.0,1.0
UBER,2021-01-05 00:00:00+00:00,54.01,54.19,50.76,51.0,21403169,54.01,54.19,50.76,51.0,21403169,0.0,1.0
UBER,2021-01-06 00:00:00+00:00,52.48,54.07,52.0,53.31,17738115,52.48,54.07,52.0,53.31,17738115,0.0,1.0
UBER,2021-01-07 00:00:00+00:00,56.13,56.25,53.2,53.37,23737543,56.13,56.25,53.2,53.37,23737543,0.0,1.0
UBER,2021-01-08 00:00:00+00:00,53.28,54.79,52.58,54.395,37999442,53.28,54.79,52.58,54.395,37999442,0.0,1.0
UBER,2021-01-11 00:00:00+00:00,54.59,55.0,52.99,53.11,23213840,54.59,55.0,52.99,53.11,23213840,0.0,1.0
UBER,2021-01-12 00:00:00+00:00,58.54,59.39,55.0,55.5,52055609,58.54,59.39,55.0,55.5,52055609,0.0,1.0
UBER,2021-01-13 00:00:00+00:00,59.4,59.88,57.53,58.54,24178501,59.4,59.88,57.53,58.54,24178501,0.0,1.0
UBER,2021-01-14 00:00:00+00:00,56.91,60.03,56.7,60.0,26561002,56.91,60.03,56.7,60.0,26561002,0.0,1.0
UBER,2021-01-15 00:00:00+00:00,55.52,57.9,55.0,57.49,23708804,55.52,57.9,55.0,57.49,23708804,0.0,1.0
UBER,2021-01-19 00:00:00+00:00,56.3,56.8424,55.0,56.39,16953659,56.3,56.8424,55.0,56.39,16953659,0.0,1.0
UBER,2021-01-20 00:00:00+00:00,56.38,57.98,55.47,57.0,16904343,56.38,57.98,55.47,57.0,16904343,0.0,1.0
UBER,2021-01-21 00:00:00+00:00,55.79,57.0,55.3136,56.57,13432029,55.79,57.0,55.3136,56.57,13432029,0.0,1.0
UBER,2021-01-22 00:00:00+00:00,54.31,55.47,54.01,55.25,19570506,54.31,55.47,54.01,55.25,19570506,0.0,1.0
UBER,2021-01-25 00:00:00+00:00,54.29,54.52,49.65,54.5,40890094,54.29,54.52,49.65,54.5,40890094,0.0,1.0
UBER,2021-01-26 00:00:00+00:00,51.92,55.52,51.53,54.62,25677017,51.92,55.52,51.53,54.62,25677017,0.0,1.0
UBER,2021-01-27 00:00:00+00:00,48.11,50.86,47.15,49.97,33283424,48.11,50.86,47.15,49.97,33283424,0.0,1.0
UBER,2021-01-28 00:00:00+00:00,51.58,52.52,49.88,50.12,28114698,51.58,52.52,49.88,50.12,28114698,0.0,1.0
UBER,2021-01-29 00:00:00+00:00,50.93,51.4899,49.635,50.63,18743234,50.93,51.4899,49.635,50.63,18743234,0.0,1.0
UBER,2021-02-01 00:00:00+00:00,52.76,52.9,51.35,52.12,15570904,52.76,52.9,51.35,52.12,15570904,0.0,1.0
UBER,2021-02-02 00:00:00+00:00,56.46,58.03,54.89,55.11,29966896,56.46,58.03,54.89,55.11,29966896,0.0,1.0
UBER,2021-02-03 00:00:00+00:00,57.12,58.13,56.74,57.87,13519011,57.12,58.13,56.74,57.87,13519011,0.0,1.0
UBER,2021-02-04 00:00:00+00:00,57.85,57.85,56.11,56.45,13847255,57.85,57.85,56.11,56.45,13847255,0.0,1.0
UBER,2021-02-05 00:00:00+00:00,58.58,58.7075,57.37,58.16,15729172,58.58,58.7075,57.37,58.16,15729172,0.0,1.0
UBER,2021-02-08 00:00:00+00:00,59.29,60.11,58.69,59.7,18410638,59.29,60.11,58.69,59.7,18410638,0.0,1.0
UBER,2021-02-09 00:00:00+00:00,59.61,61.06,58.62,58.91,22435533,59.61,61.06,58.62,58.91,22435533,0.0,1.0
UBER,2021-02-10 00:00:00+00:00,63.18,63.5,60.8,62.0,33592908,63.18,63.5,60.8,62.0,33592908,0.0,1.0
UBER,2021-02-11 00:00:00+00:00,60.71,64.05,60.395,63.25,41363413,60.71,64.05,60.395,63.25,41363413,0.0,1.0
UBER,2021-02-12 00:00:00+00:00,60.63,60.93,59.315,60.12,14607832,60.63,60.93,59.315,60.12,14607832,0.0,1.0
UBER,2021-02-16 00:00:00+00:00,60.52,61.31,59.84,61.02,15413075,60.52,61.31,59.84,61.02,15413075,0.0,1.0
UBER,2021-02-17 00:00:00+00:00,60.81,60.95,58.95,60.33,12382652,60.81,60.95,58.95,60.33,12382652,0.0,1.0
UBER,2021-02-18 00:00:00+00:00,59.0,60.29,58.23,60.0,15135647,59.0,60.29,58.23,60.0,15135647,0.0,1.0
UBER,2021-02-19 00:00:00+00:00,58.39,60.4572,58.113,58.36,28097000,58.39,60.4572,58.113,58.36,28097000,0.0,1.0
UBER,2021-02-22 00:00:00+00:00,55.31,58.1,54.8157,57.76,25471783,55.31,58.1,54.8157,57.76,25471783,0.0,1.0
UBER,2021-02-23 00:00:00+00:00,56.0,56.37,51.89,53.5,23947540,56.0,56.37,51.89,53.5,23947540,0.0,1.0
UBER,2021-02-24 00:00:00+00:00,53.91,55.15,53.66,54.95,24626966,53.91,55.15,53.66,54.95,24626966,0.0,1.0
UBER,2021-02-25 00:00:00+00:00,51.45,54.6,50.86,54.58,26926862,51.45,54.6,50.86,54.58,26926862,0.0,1.0
UBER,2021-02-26 00:00:00+00:00,51.75,52.75,50.61,52.07,16147421,51.75,52.75,50.61,52.07,16147421,0.0,1.0
UBER,2021-03-01 00:00:00+00:00,54.4,54.76,53.3,53.67,18481137,54.4,54.76,53.3,53.67,18481137,0.0,1.0
UBER,2021-03-02 00:00:00+00:00,54.65,55.62,54.1894,55.54,15199537,54.65,55.62,54.1894,55.54,15199537,0.0,1.0
UBER,2021-03-03 00:00:00+00:00,56.11,57.8,54.65,55.93,28485381,56.11,57.8,54.65,55.93,28485381,0.0,1.0
UBER,2021-03-04 00:00:00+00:00,53.07,57.16,51.61,55.75,27409574,53.07,57.16,51.61,55.75,27409574,0.0,1.0
UBER,2021-03-05 00:00:00+00:00,55.54,55.83,50.81,54.28,31576175,55.54,55.83,50.81,54.28,31576175,0.0,1.0
UBER,2021-03-08 00:00:00+00:00,53.2,56.45,52.89,55.5,19912065,53.2,56.45,52.89,55.5,19912065,0.0,1.0
UBER,2021-03-09 00:00:00+00:00,55.25,56.15,54.72,56.0,17192937,55.25,56.15,54.72,56.0,17192937,0.0,1.0
UBER,2021-03-10 00:00:00+00:00,57.68,58.9,56.27,57.21,27997015,57.68,58.9,56.27,57.21,27997015,0.0,1.0
UBER,2021-03-11 00:00:00+00:00,58.95,59.48,58.22,58.8,17293752,58.95,59.48,58.22,58.8,17293752,0.0,1.0
UBER,2021-03-12 00:00:00+00:00,60.35,60.59,57.62,58.97,14839307,60.35,60.59,57.62,58.97,14839307,0.0,1.0
UBER,2021-03-15 00:00:00+00:00,60.19,60.53,59.12,60.35,14993629,60.19,60.53,59.12,60.35,14993629,0.0,1.0
UBER,2021-03-16 00:00:00+00:00,58.85,61.02,58.38,59.99,12885725,58.85,61.02,58.38,59.99,12885725,0.0,1.0
UBER,2021-03-17 00:00:00+00:00,56.36,57.57,55.54,57.07,25509926,56.36,57.57,55.54,57.07,25509926,0.0,1.0
UBER,2021-03-18 00:00:00+00:00,55.69,57.48,55.21,56.63,15742985,55.69,57.48,55.21,56.63,15742985,0.0,1.0
UBER,2021-03-19 00:00:00+00:00,57.08,57.18,54.34,55.48,17396297,57.08,57.18,54.34,55.48,17396297,0.0,1.0
UBER,2021-03-22 00:00:00+00:00,55.69,57.61,55.47,57.25,14149412,55.69,57.61,55.47,57.25,14149412,0.0,1.0
UBER,2021-03-23 00:00:00+00:00,53.49,55.63,53.11,55.63,14513457,53.49,55.63,53.11,55.63,14513457,0.0,1.0
UBER,2021-03-24 00:00:00+00:00,52.57,54.96,52.54,54.46,13700843,52.57,54.96,52.54,54.46,13700843,0.0,1.0
UBER,2021-03-25 00:00:00+00:00,53.89,54.28,51.8,52.0,13210740,53.89,54.28,51.8,52.0,13210740,0.0,1.0
UBER,2021-03-26 00:00:00+00:00,54.71,55.25,53.52,54.41,13528233,54.71,55.25,53.52,54.41,13528233,0.0,1.0
UBER,2021-03-29 00:00:00+00:00,53.35,54.8,52.85,54.8,9724766,53.35,54.8,52.85,54.8,9724766,0.0,1.0
UBER,2021-03-30 00:00:00+00:00,53.46,54.12,52.64,52.99,9497186,53.46,54.12,52.64,52.99,9497186,0.0,1.0
UBER,2021-03-31 00:00:00+00:00,54.51,55.18,53.58,53.96,14760464,54.51,55.18,53.58,53.96,14760464,0.0,1.0
UBER,2021-04-01 00:00:00+00:00,57.6,57.63,54.81,55.61,18703397,57.6,57.63,54.81,55.61,18703397,0.0,1.0
UBER,2021-04-05 00:00:00+00:00,57.4,58.42,56.64,58.1,13490249,57.4,58.42,56.64,58.1,13490249,0.0,1.0
UBER,2021-04-06 00:00:00+00:00,58.05,58.99,57.16,57.34,13579181,58.05,58.99,57.16,57.34,13579181,0.0,1.0
UBER,2021-04-07 00:00:00+00:00,56.89,58.13,55.95,58.02,12921863,56.89,58.13,55.95,58.02,12921863,0.0,1.0
UBER,2021-04-08 00:00:00+00:00,57.83,57.94,56.54,56.65,9498507,57.83,57.94,56.54,56.65,9498507,0.0,1.0
UBER,2021-04-09 00:00:00+00:00,57.68,57.88,56.4,57.32,10228466,57.68,57.88,56.4,57.32,10228466,0.0,1.0
UBER,2021-04-12 00:00:00+00:00,59.44,60.77,58.75,59.05,36041324,59.44,60.77,58.75,59.05,36041324,0.0,1.0
UBER,2021-04-13 00:00:00+00:00,60.64,61.01,58.53,59.65,21006093,60.64,61.01,58.53,59.65,21006093,0.0,1.0
UBER,2021-04-14 00:00:00+00:00,59.23,61.5,59.18,60.11,18959761,59.23,61.5,59.18,60.11,18959761,0.0,1.0
UBER,2021-04-15 00:00:00+00:00,60.74,61.09,59.5501,59.88,17500176,60.74,61.09,59.5501,59.88,17500176,0.0,1.0
UBER,2021-04-16 00:00:00+00:00,60.35,60.85,59.54,60.74,11856110,60.35,60.85,59.54,60.74,11856110,0.0,1.0
UBER,2021-04-19 00:00:00+00:00,57.85,60.2201,57.52,60.0,16956891,57.85,60.2201,57.52,60.0,16956891,0.0,1.0
UBER,2021-04-20 00:00:00+00:00,55.48,58.12,55.244,58.0,19081120,55.48,58.12,55.244,58.0,19081120,0.0,1.0
UBER,2021-04-21 00:00:00+00:00,55.77,56.2,54.61,55.0,11523907,55.77,56.2,54.61,55.0,11523907,0.0,1.0
UBER,2021-04-22 00:00:00+00:00,56.28,57.2189,55.19,55.85,16936170,56.28,57.2189,55.19,55.85,16936170,0.0,1.0
UBER,2021-04-23 00:00:00+00:00,57.93,57.95,56.39,56.56,8763212,57.93,57.95,56.39,56.56,8763212,0.0,1.0
UBER,2021-04-26 00:00:00+00:00,57.61,58.36,57.33,58.05,8361602,57.61,58.36,57.33,58.05,8361602,0.0,1.0
UBER,2021-04-27 00:00:00+00:00,57.16,58.4,57.05,58.32,12926757,57.16,58.4,57.05,58.32,12926757,0.0,1.0
UBER,2021-04-28 00:00:00+00:00,58.44,58.48,56.66,56.88,9269739,58.44,58.48,56.66,56.88,9269739,0.0,1.0
UBER,2021-04-29 00:00:00+00:00,54.93,59.22,53.11,59.0,43407953,54.93,59.22,53.11,59.0,43407953,0.0,1.0
UBER,2021-04-30 00:00:00+00:00,54.77,55.65,54.11,54.3,16736583,54.77,55.65,54.11,54.3,16736583,0.0,1.0
UBER,2021-05-03 00:00:00+00:00,54.85,56.13,54.84,55.12,13903303,54.85,56.13,54.84,55.12,13903303,0.0,1.0
